{"loss_obj_ce": [10.092310653013342, 6.578631043434143, 4.27635984210407, 2.9241996793185963, 2.3742932011099422, 2.072927951812744, 1.8961639667258543, 1.7749171923188602, 1.7505475896246292, 1.5908833707080168, 1.4868447429993574, 1.418120133526185, 1.354688155300477, 1.3052446070839376, 1.2579221111886643, 1.2228127717971802, 1.197060409714194, 1.16872958575978, 1.1534706459325903, 1.2026225608937882, 1.3020859904149, 1.2494018463527454, 1.2052947896368362, 1.1630364936940811, 1.1337221317431505, 1.1065638249411303, 1.082267362405272, 1.058536403319415, 1.0395707268925274, 1.0341948814251845, 1.0271359638256186, 1.0136534422636032, 1.0034320968038895, 0.9906138698844349, 0.9806250842178569, 0.9740490738083335, 0.9706827419645646, 0.9606432283625883, 0.9508016302305109, 0.9488193068434211], "loss_verb_ce": [735.1197464886834, 129.51936183256262, 56.63140846701229, 31.195620957542868, 21.249402915730197, 16.084357261657715, 12.867507345536175, 10.511909246444702, 8.900063612881828, 7.723156171686509, 6.868386675329769, 6.209182143211365, 5.668234299210941, 5.209112693281734, 4.860657250179964, 4.574960519285763, 4.35437590935651, 4.142063477460076, 4.018332260496476, 4.080736444276922, 4.2413716526592475, 4.037431885214413, 3.817408225115608, 3.689197098507601, 3.518842809340533, 3.417315020280726, 3.3197862891589893, 3.221948069684646, 3.1749431490898132, 3.120341023978065, 3.0647554607952343, 3.014638497548945, 2.9872285969117107, 2.957548846216763, 2.9138570322709927, 2.8874381324824165, 2.8627743756069854, 2.868543267250061, 2.8101308030240677, 2.812429221237407]}